{"backedUpFiles":["/sdcard/FIRST/testConfig.xml","/sdcard/FIRST/web.xml","/sdcard/FIRST/new.xml","/sdcard/FIRST/armServo test.xml","/sdcard/FIRST/nbot.xml","/sdcard/FIRST/navxfcmcd.xml","/sdcard/FIRST/driveonly.xml","/sdcard/FIRST/competition.xml","/sdcard/FIRST/tflitemodels/modeltrial1.tflite","/sdcard/FIRST/tflitemodels/model_20231124_191315.tflite","/sdcard/FIRST/tflitemodels/finalmodel.tflite","/sdcard/FIRST/tflitemodels/modeltestingtflite","/sdcard/FIRST/tflitemodels/experimentalmodel.tflite","/sdcard/FIRST/tflitemodels/oldtesting.tflite","/sdcard/FIRST/tflitemodels/singalBRfinala.tflite","/sdcard/FIRST/tflitemodels/CLOSEBLUEREDMODEL.tflite","/sdcard/FIRST/tflitemodels/backgroundbrmodel.tflite"],"deviceName":"Control Hub 23477-RC","modifiedTimes":[{"fileName":"/sdcard/FIRST/testConfig.xml","time":"Wed Sep 20 19:36:01 MDT 2023"},{"fileName":"/sdcard/FIRST/armServo test.xml","time":"date: Can't stat /sdcard/FIRST/armServo: No such file or directory"},{"fileName":"/sdcard/FIRST/web.xml","time":"Sat Dec 23 15:05:37 MST 2023"},{"fileName":"/sdcard/FIRST/new.xml","time":"Sat Dec 23 13:46:50 MST 2023"},{"fileName":"/sdcard/FIRST/driveonly.xml","time":"Wed Dec 27 14:35:41 MST 2023"},{"fileName":"/sdcard/FIRST/nbot.xml","time":"Wed Dec 27 11:35:29 MST 2023"},{"fileName":"/sdcard/FIRST/navxfcmcd.xml","time":"Sat Dec 30 13:25:27 MST 2023"},{"fileName":"/sdcard/FIRST/tflitemodels/modeltrial1.tflite","time":"Fri Nov 24 13:26:58 MST 2023"},{"fileName":"/sdcard/FIRST/competition.xml","time":"Fri Feb 16 20:58:06 MST 2024"},{"fileName":"/sdcard/FIRST/tflitemodels/modeltestingtflite","time":"Sat Nov 25 12:50:51 MST 2023"},{"fileName":"/sdcard/FIRST/tflitemodels/model_20231124_191315.tflite","time":"Sat Nov 25 11:00:10 MST 2023"},{"fileName":"/sdcard/FIRST/tflitemodels/finalmodel.tflite","time":"Fri Nov 24 18:26:49 MST 2023"},{"fileName":"/sdcard/FIRST/tflitemodels/experimentalmodel.tflite","time":"Sat Nov 25 19:41:14 MST 2023"},{"fileName":"/sdcard/FIRST/tflitemodels/CLOSEBLUEREDMODEL.tflite","time":"Mon Nov 27 18:06:01 MST 2023"},{"fileName":"/sdcard/FIRST/tflitemodels/oldtesting.tflite","time":"Sat Nov 25 19:59:09 MST 2023"},{"fileName":"/sdcard/FIRST/tflitemodels/singalBRfinala.tflite","time":"Sun Nov 26 13:45:05 MST 2023"},{"fileName":"/sdcard/FIRST/tflitemodels/backgroundbrmodel.tflite","time":"Wed Nov 29 18:31:10 MST 2023"}]}