<?xml version='1.0' encoding='UTF-8' standalone='yes' ?>
<Robot type="FirstInspires-FTC">
    <LynxUsbDevice name="Control Hub Portal" serialNumber="(embedded)" parentModuleAddress="173">
        <LynxModule name="Expansion Hub 2" port="2">
            <goBILDA5202SeriesMotor name="Left_Front" port="1" />
            <goBILDA5202SeriesMotor name="Left_Back" port="3" />
        </LynxModule>
        <LynxModule name="Control Hub" port="173">
            <goBILDA5202SeriesMotor name="Right_Front" port="0" />
            <goBILDA5202SeriesMotor name="Right_Back" port="1" />
            <ControlHubImuBHI260AP name="imu" port="0" bus="0" />
        </LynxModule>
    </LynxUsbDevice>
    <Webcam name="Webcam 1" serialNumber="SN0001" />
</Robot>
